Route_Name,Route_links
Hyderabad to Srisailam,https://www.redbus.in/bus-tickets/hyderabad-to-srisailam
Khammam to Hyderabad,https://www.redbus.in/bus-tickets/khammam-to-hyderabad
Hyderabad to Vijayawada,https://www.redbus.in/bus-tickets/hyderabad-to-vijayawada
Hyderabad to Khammam,https://www.redbus.in/bus-tickets/hyderabad-to-khammam
Karimnagar to Hyderabad,https://www.redbus.in/bus-tickets/karimnagar-to-hyderabad
Hyderabad to Mancherial,https://www.redbus.in/bus-tickets/hyderabad-to-mancherial
Guntur (Andhra Pradesh) to Hyderabad,https://www.redbus.in/bus-tickets/guntur-to-hyderabad
Hyderabad to Adilabad,https://www.redbus.in/bus-tickets/hyderabad-to-adilabad
Hyderabad to Ongole,https://www.redbus.in/bus-tickets/hyderabad-to-ongole
Hyderabad to Nirmal,https://www.redbus.in/bus-tickets/hyderabad-to-nirmal
Kothagudem to Hyderabad,https://www.redbus.in/bus-tickets/kothagudem-to-hyderabad
Hyderabad to Guntur (Andhra Pradesh),https://www.redbus.in/bus-tickets/hyderabad-to-guntur
Hyderabad to Karimnagar,https://www.redbus.in/bus-tickets/hyderabad-to-karimnagar
Godavarikhani to Hyderabad,https://www.redbus.in/bus-tickets/godavarikhani-to-hyderabad
Hyderabad to Sathupally,https://www.redbus.in/bus-tickets/hyderabad-to-sathupalli
Hyderabad to Kothagudem,https://www.redbus.in/bus-tickets/hyderabad-to-kothagudem
Hyderabad to Anantapur (andhra pradesh),https://www.redbus.in/bus-tickets/hyderabad-to-ananthapur
Jagityal to Hyderabad,https://www.redbus.in/bus-tickets/jagityal-to-hyderabad
Hyderabad to Bhadrachalam,https://www.redbus.in/bus-tickets/hyderabad-to-bhadrachalam
Hyderabad to Tirupati,https://www.redbus.in/bus-tickets/hyderabad-to-tirupathi
Hyderabad to Warangal,https://www.redbus.in/bus-tickets/hyderabad-to-warangal
Kodad to Hyderabad,https://www.redbus.in/bus-tickets/kodad-to-hyderabad
Hyderabad to Godavarikhani,https://www.redbus.in/bus-tickets/hyderabad-to-godavarikhani
Hyderabad to Armoor,https://www.redbus.in/bus-tickets/hyderabad-to-armoor
Hyderabad to Pune,https://www.redbus.in/bus-tickets/hyderabad-to-pune
Hyderabad to Visakhapatnam,https://www.redbus.in/bus-tickets/hyderabad-to-visakhapatnam
